<?xml version="1.0" encoding="UTF-8"?><rss version="2.0"
	xmlns:content="http://purl.org/rss/1.0/modules/content/"
	xmlns:wfw="http://wellformedweb.org/CommentAPI/"
	xmlns:dc="http://purl.org/dc/elements/1.1/"
	xmlns:atom="http://www.w3.org/2005/Atom"
	xmlns:sy="http://purl.org/rss/1.0/modules/syndication/"
	xmlns:slash="http://purl.org/rss/1.0/modules/slash/"
	>

<channel>
	<title>Prodotti &#8211; STORE</title>
	<atom:link href="./index.html" rel="self" type="application/rss+xml" />
	<link>./../../index.html</link>
	<description></description>
	<lastBuildDate>Tue, 21 Mar 2023 14:25:14 +0000</lastBuildDate>
	<language>it-IT</language>
	<sy:updatePeriod>
	hourly	</sy:updatePeriod>
	<sy:updateFrequency>
	1	</sy:updateFrequency>
	<generator>https://wordpress.org/?v=6.1.1</generator>
	<item>
		<title>MARTELLO</title>
		<link>./../../prodotto/hoodie-with-logo-4/index.html</link>
					<comments>./../../prodotto/hoodie-with-logo-4/index.html#respond</comments>
		
		<dc:creator><![CDATA[zidane]]></dc:creator>
		<pubDate>Tue, 21 Mar 2023 14:18:41 +0000</pubDate>
				<guid isPermaLink="false">./../../prodotto/hoodie-with-logo-4/index.html</guid>

					<description><![CDATA[This is a simple product.]]></description>
										<content:encoded><![CDATA[<p>MARTELLO IN ACCIAIO INOX</p>
]]></content:encoded>
					
					<wfw:commentRss>./../../prodotto/hoodie-with-logo-4/feed/index.html</wfw:commentRss>
			<slash:comments>0</slash:comments>
		
		
			</item>
	</channel>
</rss>
